source_url,source_platform,idea_type,niche,raw_title_or_text,bsr_rank,bsr_category,bsr_captured_at,trend_velocity,listings_count
https://amazon.com/dp/B01,amazon,ready_shirt,Pickleball Dad,Pickleball Dad Retro Sunset,45000,Clothing,2026-08-09T10:00:00+00:00,78,40
https://tiktok.com/@x/video/1,tiktok,trend_idea,Pickleball Dad,Funny Retro Sunset Pickleball Dad Tee,,,,82,
https://reddit.com/r/catmemes/1,reddit,trend_idea,Cat Meme,Cat judging you silently,,,,88,120
https://amazon.com/dp/B02,amazon,ready_shirt,Vintage Fishing,Vintage Fishing Legend Angler,12000,Clothing,2026-08-09T11:00:00+00:00,,
https://amazon.com/dp/B03,amazon,ready_shirt,Star Wars Fan,Vintage Star Wars Dad Life,30000,Clothing,2026-08-09T12:00:00+00:00,70,25
https://reddit.com/r/x/2,reddit,trend_idea,Frozen Pipes Plumber,Frozen Pipes Plumber Life,,,,65,80
https://reddit.com/r/x/3,reddit,trend_idea,Winter Fun,Frozen Let It Go Snowflake,,,,72,90
https://amazon.com/dp/B04,amazon,ready_shirt,Gardening Grandma,Cottage Garden Wildflower Grandma,88000,Clothing,2026-08-09T13:00:00+00:00,74,60
https://reddit.com/r/x/4,reddit,trend_idea,Cannabis Culture,420 Friendly Weed Leaf Design,,,,90,30
https://amazon.com/dp/B05,amazon,ready_shirt,School Spirit,Property Of Riverside Wrestling,60000,Clothing,2026-08-09T14:00:00+00:00,55,150
https://etsy.com/listing/1,etsy,ready_shirt,Broken Row,This row has an invalid platform,,,,,
https://amazon.com/dp/B06,amazon,ready_shirt,BBQ Dad,Grill Master Smoke Ring,25000,Clothing,2026-08-09T15:00:00+00:00,80,45
